shukaku;shukaku;;;;;;;;;x
matatabi;matatabi;;;;;;;;;x
isobu;isobu;;;;;;;;;x
songoku;songoku;;;;;;;;;x
kokuo;kokuo;;;;;;;;;x
saiken;saiken;;;;;;;;;x
chomei;chomei;;;;;;;;;x
gyuki;gyuki;;;;;;;;;x
kurama;kurama;;;;;;;;;x
shukaku_control;shukaku control;;;;;;;;;x
matatabi_control;matatabi control;;;;;;;;;x
isobu_control;isobu control;;;;;;;;;x
songoku_control;songoku control;;;;;;;;;x
kokuo_control;kokuo control;;;;;;;;;x
saiken_control;saiken control;;;;;;;;;x
chomei_control;chomei control;;;;;;;;;x
gyuki_control;gyuki control;;;;;;;;;x
kurama_control;kurama control;;;;;;;;;x
shukaku_merge;shukaku merge;;;;;;;;;x
matatabi_merge;matatabi merge;;;;;;;;;x
isobu_merge;isobu merge;;;;;;;;;x
songoku_merge;songoku merge;;;;;;;;;x
kokuo_merge;kokuo merge;;;;;;;;;x
saiken_merge;saiken merge;;;;;;;;;x
chomei_merge;chomei merge;;;;;;;;;x
gyuki_merge;gyuki merge;;;;;;;;;x
kurama_merge;kurama merge;;;;;;;;;x