rinnegan;rinnegan;;;;;;;;;x
implanted_rinnegan;implanted rinnegan;;;;;;;;;x
sharingan;sharingan;;;;;;;;;x
mangekyou_sharingan_sasuke;mangekyou sharingan;;;;;;;;;x
mangekyou_sharingan_itachi;mangekyou sharingan;;;;;;;;;x
mangekyou_sharingan_obito;mangekyou sharingan;;;;;;;;;x
mangekyou_sharingan_shisui;mangekyou sharingan;;;;;;;;;x
eternal_mangekyou_sharingan_sasuke;eternal mangekyou sharingan;;;;;;;;;x
eternal_mangekyou_sharingan_itachi;eternal mangekyou sharingan;;;;;;;;;x
eternal_mangekyou_sharingan_obito;eternal mangekyou sharingan;;;;;;;;;x
eternal_mangekyou_sharingan_shisui;eternal mangekyou sharingan;;;;;;;;;x
implanted_sharingan;implanted sharingan;;;;;;;;;x
susanoo;susanoo;;;;;;;;;x
tsukuyomi;tsukuyomi;;;;;;;;;x
amaterasu;amaterasu;;;;;;;;;x
kamui;kamui;;;;;;;;;x
kotoamatsukami;kotoamatsukami;;;;;;;;;x
byakugan;byakugan;;;;;;;;;x
implanted_byakugan;implanted byakugan;;;;;;;;;x
tenseigan;tenseigan;;;;;;;;;x
implanted_tenseigan;implanted tenseigan;;;;;;;;;x