ninjutsu_beginner;ninjutsu beginner;;;;;;;;;x
ninjutsu_veteran;ninjutsu veteran;;;;;;;;;x
ninjutsu_expert;ninjutsu expert;;;;;;;;;x
ninjutsu_legendary;ninjutsu legendary;;;;;;;;;x
fireball;fireball;;;;;;;;;x
great_fire_annihilation;great fire annihilation;;;;;;;;;x
verdant_mountain_gale;verdant mountain gale;;;;;;;;;x
wind_cutter;wind cutter;;;;;;;;;x
chidori;chidori;;;;;;;;;x
shiden;shiden;;;;;;;;;x
lightning_blade;lightning blade;;;;;;;;;x
earth_style_wall;earth style wall;;;;;;;;;x
fist_rock_technique;fist rock technique;;;;;;;;;x
water_trumpet;water trumpet;;;;;;;;;x
water_dragon_bullet;water dragon bullet;;;;;;;;;x
crystal_ice_mirrors;crystal ice mirrors;;;;;;;;;x
melting_apparition;melting apparition;;;;;;;;;x
deep_forest;deep forest;;;;;;;;;x
thunder_cloud;thunder cloud;;;;;;;;;x
atomic_dismantling;atomic dismantling;;;;;;;;;x
evaporation_blast;evaporation blast;;;;;;;;;x
iron_sand_gathering;iron sand gathering;;;;;;;;;x
kage_bushin;kage bushin;;;;;;;;;x
transformation_technique;transformation technique;;;;;;;;;x
shuriken_technique;shuriken technique;;;;;;;;;x
sealing_technique;sealing technique;;;;;;;;;x